StudentID,Subject,Score,Date
1,Math,53,2024-01-01
1,Math,53,2024-01-31
1,Math,51,2024-03-01
1,Science,66,2024-01-01
1,Science,66,2024-01-31
1,Science,61,2024-03-01
1,English,77,2024-01-01
1,English,80,2024-01-31
1,English,86,2024-03-01
1,Computer,86,2024-01-01
1,Computer,79,2024-01-31
1,Computer,82,2024-03-01
2,Math,94,2024-01-01
2,Math,90,2024-01-31
2,Math,91,2024-03-01
2,Science,88,2024-01-01
2,Science,85,2024-01-31
2,Science,85,2024-03-01
2,English,63,2024-01-01
2,English,56,2024-01-31
2,English,55,2024-03-01
2,Computer,41,2024-01-01
2,Computer,40,2024-01-31
2,Computer,41,2024-03-01
3,Math,94,2024-01-01
3,Math,95,2024-01-31
3,Math,91,2024-03-01
3,Science,81,2024-01-01
3,Science,82,2024-01-31
3,Science,77,2024-03-01
3,English,69,2024-01-01
3,English,68,2024-01-31
3,English,63,2024-03-01
3,Computer,80,2024-01-01
3,Computer,75,2024-01-31
3,Computer,74,2024-03-01
4,Math,63,2024-01-01
4,Math,69,2024-01-31
4,Math,63,2024-03-01
4,Science,48,2024-01-01
4,Science,48,2024-01-31
4,Science,47,2024-03-01
4,English,49,2024-01-01
4,English,40,2024-01-31
4,English,45,2024-03-01
4,Computer,77,2024-01-01
4,Computer,80,2024-01-31
4,Computer,80,2024-03-01
5,Math,86,2024-01-01
5,Math,92,2024-01-31
5,Math,92,2024-03-01
5,Science,72,2024-01-01
5,Science,65,2024-01-31
5,Science,72,2024-03-01
5,English,53,2024-01-01
5,English,58,2024-01-31
5,English,60,2024-03-01
5,Computer,82,2024-01-01
5,Computer,79,2024-01-31
5,Computer,80,2024-03-01
6,Math,91,2024-01-01
6,Math,82,2024-01-31
6,Math,85,2024-03-01
6,Science,75,2024-01-01
6,Science,69,2024-01-31
6,Science,75,2024-03-01
6,English,47,2024-01-01
6,English,46,2024-01-31
6,English,49,2024-03-01
6,Computer,43,2024-01-01
6,Computer,37,2024-01-31
6,Computer,41,2024-03-01
7,Math,86,2024-01-01
7,Math,83,2024-01-31
7,Math,91,2024-03-01
7,Science,94,2024-01-01
7,Science,87,2024-01-31
7,Science,84,2024-03-01
7,English,81,2024-01-01
7,English,72,2024-01-31
7,English,75,2024-03-01
7,Computer,57,2024-01-01
7,Computer,51,2024-01-31
7,Computer,57,2024-03-01
8,Math,85,2024-01-01
8,Math,84,2024-01-31
8,Math,93,2024-03-01
8,Science,62,2024-01-01
8,Science,62,2024-01-31
8,Science,58,2024-03-01
8,English,59,2024-01-01
8,English,59,2024-01-31
8,English,56,2024-03-01
8,Computer,72,2024-01-01
8,Computer,79,2024-01-31
8,Computer,75,2024-03-01
9,Math,51,2024-01-01
9,Math,55,2024-01-31
9,Math,49,2024-03-01
9,Science,57,2024-01-01
9,Science,55,2024-01-31
9,Science,61,2024-03-01
9,English,47,2024-01-01
9,English,41,2024-01-31
9,English,46,2024-03-01
9,Computer,82,2024-01-01
9,Computer,87,2024-01-31
9,Computer,83,2024-03-01
10,Math,78,2024-01-01
10,Math,87,2024-01-31
10,Math,84,2024-03-01
10,Science,62,2024-01-01
10,Science,52,2024-01-31
10,Science,55,2024-03-01
10,English,54,2024-01-01
10,English,52,2024-01-31
10,English,49,2024-03-01
10,Computer,84,2024-01-01
10,Computer,82,2024-01-31
10,Computer,82,2024-03-01
11,Math,56,2024-01-01
11,Math,50,2024-01-31
11,Math,57,2024-03-01
11,Science,83,2024-01-01
11,Science,85,2024-01-31
11,Science,89,2024-03-01
11,English,37,2024-01-01
11,English,42,2024-01-31
11,English,45,2024-03-01
11,Computer,78,2024-01-01
11,Computer,82,2024-01-31
11,Computer,77,2024-03-01
12,Math,62,2024-01-01
12,Math,65,2024-01-31
12,Math,71,2024-03-01
12,Science,60,2024-01-01
12,Science,61,2024-01-31
12,Science,58,2024-03-01
12,English,45,2024-01-01
12,English,40,2024-01-31
12,English,47,2024-03-01
12,Computer,44,2024-01-01
12,Computer,47,2024-01-31
12,Computer,46,2024-03-01
13,Math,51,2024-01-01
13,Math,53,2024-01-31
13,Math,51,2024-03-01
13,Science,61,2024-01-01
13,Science,58,2024-01-31
13,Science,66,2024-03-01
13,English,77,2024-01-01
13,English,77,2024-01-31
13,English,77,2024-03-01
13,Computer,67,2024-01-01
13,Computer,75,2024-01-31
13,Computer,67,2024-03-01
14,Math,88,2024-01-01
14,Math,89,2024-01-31
14,Math,92,2024-03-01
14,Science,67,2024-01-01
14,Science,64,2024-01-31
14,Science,66,2024-03-01
14,English,67,2024-01-01
14,English,70,2024-01-31
14,English,69,2024-03-01
14,Computer,57,2024-01-01
14,Computer,51,2024-01-31
14,Computer,57,2024-03-01
15,Math,88,2024-01-01
15,Math,79,2024-01-31
15,Math,82,2024-03-01
15,Science,51,2024-01-01
15,Science,51,2024-01-31
15,Science,54,2024-03-01
15,English,92,2024-01-01
15,English,90,2024-01-31
15,English,87,2024-03-01
15,Computer,73,2024-01-01
15,Computer,66,2024-01-31
15,Computer,73,2024-03-01
16,Math,48,2024-01-01
16,Math,49,2024-01-31
16,Math,49,2024-03-01
16,Science,57,2024-01-01
16,Science,50,2024-01-31
16,Science,49,2024-03-01
16,English,83,2024-01-01
16,English,86,2024-01-31
16,English,87,2024-03-01
16,Computer,65,2024-01-01
16,Computer,70,2024-01-31
16,Computer,73,2024-03-01
17,Math,40,2024-01-01
17,Math,49,2024-01-31
17,Math,45,2024-03-01
17,Science,64,2024-01-01
17,Science,60,2024-01-31
17,Science,59,2024-03-01
17,English,89,2024-01-01
17,English,87,2024-01-31
17,English,87,2024-03-01
17,Computer,67,2024-01-01
17,Computer,74,2024-01-31
17,Computer,72,2024-03-01
18,Math,78,2024-01-01
18,Math,75,2024-01-31
18,Math,77,2024-03-01
18,Science,88,2024-01-01
18,Science,90,2024-01-31
18,Science,91,2024-03-01
18,English,82,2024-01-01
18,English,84,2024-01-31
18,English,83,2024-03-01
18,Computer,65,2024-01-01
18,Computer,62,2024-01-31
18,Computer,59,2024-03-01
19,Math,60,2024-01-01
19,Math,53,2024-01-31
19,Math,57,2024-03-01
19,Science,41,2024-01-01
19,Science,41,2024-01-31
19,Science,39,2024-03-01
19,English,55,2024-01-01
19,English,51,2024-01-31
19,English,56,2024-03-01
19,Computer,49,2024-01-01
19,Computer,54,2024-01-31
19,Computer,57,2024-03-01
20,Math,68,2024-01-01
20,Math,69,2024-01-31
20,Math,66,2024-03-01
20,Science,70,2024-01-01
20,Science,66,2024-01-31
20,Science,64,2024-03-01
20,English,73,2024-01-01
20,English,67,2024-01-31
20,English,70,2024-03-01
20,Computer,86,2024-01-01
20,Computer,87,2024-01-31
20,Computer,85,2024-03-01
21,Math,43,2024-01-01
21,Math,43,2024-01-31
21,Math,40,2024-03-01
21,Science,52,2024-01-01
21,Science,48,2024-01-31
21,Science,50,2024-03-01
21,English,74,2024-01-01
21,English,73,2024-01-31
21,English,77,2024-03-01
21,Computer,59,2024-01-01
21,Computer,49,2024-01-31
21,Computer,59,2024-03-01
22,Math,66,2024-01-01
22,Math,73,2024-01-31
22,Math,67,2024-03-01
22,Science,39,2024-01-01
22,Science,42,2024-01-31
22,Science,45,2024-03-01
22,English,90,2024-01-01
22,English,91,2024-01-31
22,English,89,2024-03-01
22,Computer,87,2024-01-01
22,Computer,80,2024-01-31
22,Computer,84,2024-03-01
23,Math,75,2024-01-01
23,Math,77,2024-01-31
23,Math,71,2024-03-01
23,Science,83,2024-01-01
23,Science,84,2024-01-31
23,Science,85,2024-03-01
23,English,84,2024-01-01
23,English,92,2024-01-31
23,English,85,2024-03-01
23,Computer,81,2024-01-01
23,Computer,84,2024-01-31
23,Computer,82,2024-03-01
24,Math,43,2024-01-01
24,Math,47,2024-01-31
24,Math,44,2024-03-01
24,Science,53,2024-01-01
24,Science,54,2024-01-31
24,Science,56,2024-03-01
24,English,73,2024-01-01
24,English,72,2024-01-31
24,English,74,2024-03-01
24,Computer,57,2024-01-01
24,Computer,59,2024-01-31
24,Computer,52,2024-03-01
25,Math,75,2024-01-01
25,Math,76,2024-01-31
25,Math,75,2024-03-01
25,Science,46,2024-01-01
25,Science,43,2024-01-31
25,Science,41,2024-03-01
25,English,74,2024-01-01
25,English,80,2024-01-31
25,English,76,2024-03-01
25,Computer,71,2024-01-01
25,Computer,69,2024-01-31
25,Computer,76,2024-03-01
26,Math,65,2024-01-01
26,Math,60,2024-01-31
26,Math,64,2024-03-01
26,Science,77,2024-01-01
26,Science,69,2024-01-31
26,Science,75,2024-03-01
26,English,56,2024-01-01
26,English,56,2024-01-31
26,English,63,2024-03-01
26,Computer,69,2024-01-01
26,Computer,75,2024-01-31
26,Computer,71,2024-03-01
27,Math,60,2024-01-01
27,Math,69,2024-01-31
27,Math,63,2024-03-01
27,Science,94,2024-01-01
27,Science,85,2024-01-31
27,Science,93,2024-03-01
27,English,49,2024-01-01
27,English,44,2024-01-31
27,English,47,2024-03-01
27,Computer,63,2024-01-01
27,Computer,65,2024-01-31
27,Computer,62,2024-03-01
28,Math,76,2024-01-01
28,Math,72,2024-01-31
28,Math,68,2024-03-01
28,Science,86,2024-01-01
28,Science,80,2024-01-31
28,Science,86,2024-03-01
28,English,45,2024-01-01
28,English,44,2024-01-31
28,English,37,2024-03-01
28,Computer,73,2024-01-01
28,Computer,73,2024-01-31
28,Computer,78,2024-03-01
29,Math,69,2024-01-01
29,Math,69,2024-01-31
29,Math,70,2024-03-01
29,Science,86,2024-01-01
29,Science,81,2024-01-31
29,Science,81,2024-03-01
29,English,44,2024-01-01
29,English,48,2024-01-31
29,English,39,2024-03-01
29,Computer,48,2024-01-01
29,Computer,47,2024-01-31
29,Computer,47,2024-03-01
30,Math,53,2024-01-01
30,Math,54,2024-01-31
30,Math,53,2024-03-01
30,Science,55,2024-01-01
30,Science,56,2024-01-31
30,Science,60,2024-03-01
30,English,59,2024-01-01
30,English,62,2024-01-31
30,English,64,2024-03-01
30,Computer,56,2024-01-01
30,Computer,59,2024-01-31
30,Computer,56,2024-03-01
31,Math,67,2024-01-01
31,Math,66,2024-01-31
31,Math,68,2024-03-01
31,Science,44,2024-01-01
31,Science,45,2024-01-31
31,Science,49,2024-03-01
31,English,66,2024-01-01
31,English,63,2024-01-31
31,English,66,2024-03-01
31,Computer,91,2024-01-01
31,Computer,90,2024-01-31
31,Computer,84,2024-03-01
32,Math,38,2024-01-01
32,Math,44,2024-01-31
32,Math,39,2024-03-01
32,Science,74,2024-01-01
32,Science,71,2024-01-31
32,Science,71,2024-03-01
32,English,74,2024-01-01
32,English,67,2024-01-31
32,English,66,2024-03-01
32,Computer,52,2024-01-01
32,Computer,49,2024-01-31
32,Computer,47,2024-03-01
33,Math,60,2024-01-01
33,Math,53,2024-01-31
33,Math,53,2024-03-01
33,Science,73,2024-01-01
33,Science,78,2024-01-31
33,Science,76,2024-03-01
33,English,92,2024-01-01
33,English,93,2024-01-31
33,English,86,2024-03-01
33,Computer,57,2024-01-01
33,Computer,56,2024-01-31
33,Computer,53,2024-03-01
34,Math,78,2024-01-01
34,Math,87,2024-01-31
34,Math,80,2024-03-01
34,Science,72,2024-01-01
34,Science,71,2024-01-31
34,Science,78,2024-03-01
34,English,46,2024-01-01
34,English,43,2024-01-31
34,English,47,2024-03-01
34,Computer,44,2024-01-01
34,Computer,49,2024-01-31
34,Computer,53,2024-03-01
35,Math,67,2024-01-01
35,Math,74,2024-01-31
35,Math,72,2024-03-01
35,Science,93,2024-01-01
35,Science,94,2024-01-31
35,Science,94,2024-03-01
35,English,44,2024-01-01
35,English,42,2024-01-31
35,English,35,2024-03-01
35,Computer,50,2024-01-01
35,Computer,47,2024-01-31
35,Computer,44,2024-03-01
36,Math,36,2024-01-01
36,Math,43,2024-01-31
36,Math,39,2024-03-01
36,Science,83,2024-01-01
36,Science,90,2024-01-31
36,Science,93,2024-03-01
36,English,75,2024-01-01
36,English,68,2024-01-31
36,English,76,2024-03-01
36,Computer,51,2024-01-01
36,Computer,52,2024-01-31
36,Computer,47,2024-03-01
37,Math,91,2024-01-01
37,Math,88,2024-01-31
37,Math,85,2024-03-01
37,Science,62,2024-01-01
37,Science,60,2024-01-31
37,Science,62,2024-03-01
37,English,68,2024-01-01
37,English,74,2024-01-31
37,English,72,2024-03-01
37,Computer,77,2024-01-01
37,Computer,78,2024-01-31
37,Computer,72,2024-03-01
38,Math,58,2024-01-01
38,Math,56,2024-01-31
38,Math,51,2024-03-01
38,Science,69,2024-01-01
38,Science,76,2024-01-31
38,Science,72,2024-03-01
38,English,74,2024-01-01
38,English,68,2024-01-31
38,English,72,2024-03-01
38,Computer,69,2024-01-01
38,Computer,60,2024-01-31
38,Computer,61,2024-03-01
39,Math,88,2024-01-01
39,Math,80,2024-01-31
39,Math,79,2024-03-01
39,Science,76,2024-01-01
39,Science,68,2024-01-31
39,Science,72,2024-03-01
39,English,80,2024-01-01
39,English,82,2024-01-31
39,English,83,2024-03-01
39,Computer,77,2024-01-01
39,Computer,77,2024-01-31
39,Computer,73,2024-03-01
40,Math,72,2024-01-01
40,Math,68,2024-01-31
40,Math,67,2024-03-01
40,Science,41,2024-01-01
40,Science,46,2024-01-31
40,Science,42,2024-03-01
40,English,65,2024-01-01
40,English,70,2024-01-31
40,English,72,2024-03-01
40,Computer,62,2024-01-01
40,Computer,62,2024-01-31
40,Computer,60,2024-03-01
41,Math,46,2024-01-01
41,Math,49,2024-01-31
41,Math,42,2024-03-01
41,Science,91,2024-01-01
41,Science,86,2024-01-31
41,Science,90,2024-03-01
41,English,64,2024-01-01
41,English,67,2024-01-31
41,English,70,2024-03-01
41,Computer,67,2024-01-01
41,Computer,75,2024-01-31
41,Computer,69,2024-03-01
42,Math,72,2024-01-01
42,Math,66,2024-01-31
42,Math,74,2024-03-01
42,Science,89,2024-01-01
42,Science,94,2024-01-31
42,Science,92,2024-03-01
42,English,77,2024-01-01
42,English,78,2024-01-31
42,English,82,2024-03-01
42,Computer,45,2024-01-01
42,Computer,47,2024-01-31
42,Computer,50,2024-03-01
43,Math,49,2024-01-01
43,Math,43,2024-01-31
43,Math,40,2024-03-01
43,Science,50,2024-01-01
43,Science,58,2024-01-31
43,Science,57,2024-03-01
43,English,80,2024-01-01
43,English,88,2024-01-31
43,English,87,2024-03-01
43,Computer,85,2024-01-01
43,Computer,81,2024-01-31
43,Computer,87,2024-03-01
44,Math,58,2024-01-01
44,Math,51,2024-01-31
44,Math,58,2024-03-01
44,Science,65,2024-01-01
44,Science,64,2024-01-31
44,Science,65,2024-03-01
44,English,83,2024-01-01
44,English,82,2024-01-31
44,English,84,2024-03-01
44,Computer,62,2024-01-01
44,Computer,66,2024-01-31
44,Computer,69,2024-03-01
45,Math,70,2024-01-01
45,Math,72,2024-01-31
45,Math,72,2024-03-01
45,Science,57,2024-01-01
45,Science,57,2024-01-31
45,Science,55,2024-03-01
45,English,66,2024-01-01
45,English,69,2024-01-31
45,English,65,2024-03-01
45,Computer,88,2024-01-01
45,Computer,87,2024-01-31
45,Computer,82,2024-03-01
46,Math,50,2024-01-01
46,Math,48,2024-01-31
46,Math,44,2024-03-01
46,Science,50,2024-01-01
46,Science,42,2024-01-31
46,Science,49,2024-03-01
46,English,55,2024-01-01
46,English,56,2024-01-31
46,English,53,2024-03-01
46,Computer,78,2024-01-01
46,Computer,79,2024-01-31
46,Computer,75,2024-03-01
47,Math,48,2024-01-01
47,Math,46,2024-01-31
47,Math,45,2024-03-01
47,Science,60,2024-01-01
47,Science,70,2024-01-31
47,Science,68,2024-03-01
47,English,64,2024-01-01
47,English,61,2024-01-31
47,English,68,2024-03-01
47,Computer,70,2024-01-01
47,Computer,72,2024-01-31
47,Computer,63,2024-03-01
48,Math,83,2024-01-01
48,Math,81,2024-01-31
48,Math,77,2024-03-01
48,Science,83,2024-01-01
48,Science,79,2024-01-31
48,Science,79,2024-03-01
48,English,66,2024-01-01
48,English,68,2024-01-31
48,English,70,2024-03-01
48,Computer,75,2024-01-01
48,Computer,74,2024-01-31
48,Computer,73,2024-03-01
49,Math,74,2024-01-01
49,Math,73,2024-01-31
49,Math,77,2024-03-01
49,Science,40,2024-01-01
49,Science,35,2024-01-31
49,Science,35,2024-03-01
49,English,87,2024-01-01
49,English,89,2024-01-31
49,English,91,2024-03-01
49,Computer,48,2024-01-01
49,Computer,45,2024-01-31
49,Computer,52,2024-03-01
50,Math,66,2024-01-01
50,Math,65,2024-01-31
50,Math,69,2024-03-01
50,Science,81,2024-01-01
50,Science,83,2024-01-31
50,Science,79,2024-03-01
50,English,80,2024-01-01
50,English,70,2024-01-31
50,English,70,2024-03-01
50,Computer,87,2024-01-01
50,Computer,84,2024-01-31
50,Computer,93,2024-03-01
51,Math,71,2024-01-01
51,Math,68,2024-01-31
51,Math,62,2024-03-01
51,Science,72,2024-01-01
51,Science,68,2024-01-31
51,Science,64,2024-03-01
51,English,50,2024-01-01
51,English,56,2024-01-31
51,English,53,2024-03-01
51,Computer,51,2024-01-01
51,Computer,48,2024-01-31
51,Computer,55,2024-03-01
52,Math,45,2024-01-01
52,Math,46,2024-01-31
52,Math,45,2024-03-01
52,Science,92,2024-01-01
52,Science,89,2024-01-31
52,Science,85,2024-03-01
52,English,82,2024-01-01
52,English,86,2024-01-31
52,English,80,2024-03-01
52,Computer,87,2024-01-01
52,Computer,89,2024-01-31
52,Computer,79,2024-03-01
53,Math,64,2024-01-01
53,Math,61,2024-01-31
53,Math,56,2024-03-01
53,Science,61,2024-01-01
53,Science,55,2024-01-31
53,Science,63,2024-03-01
53,English,57,2024-01-01
53,English,57,2024-01-31
53,English,54,2024-03-01
53,Computer,66,2024-01-01
53,Computer,61,2024-01-31
53,Computer,60,2024-03-01
54,Math,62,2024-01-01
54,Math,63,2024-01-31
54,Math,57,2024-03-01
54,Science,51,2024-01-01
54,Science,53,2024-01-31
54,Science,52,2024-03-01
54,English,71,2024-01-01
54,English,80,2024-01-31
54,English,80,2024-03-01
54,Computer,87,2024-01-01
54,Computer,85,2024-01-31
54,Computer,90,2024-03-01
55,Math,58,2024-01-01
55,Math,62,2024-01-31
55,Math,61,2024-03-01
55,Science,79,2024-01-01
55,Science,78,2024-01-31
55,Science,83,2024-03-01
55,English,72,2024-01-01
55,English,78,2024-01-31
55,English,82,2024-03-01
55,Computer,43,2024-01-01
55,Computer,43,2024-01-31
55,Computer,46,2024-03-01
56,Math,62,2024-01-01
56,Math,62,2024-01-31
56,Math,58,2024-03-01
56,Science,70,2024-01-01
56,Science,65,2024-01-31
56,Science,60,2024-03-01
56,English,42,2024-01-01
56,English,40,2024-01-31
56,English,39,2024-03-01
56,Computer,81,2024-01-01
56,Computer,77,2024-01-31
56,Computer,79,2024-03-01
57,Math,85,2024-01-01
57,Math,77,2024-01-31
57,Math,76,2024-03-01
57,Science,61,2024-01-01
57,Science,71,2024-01-31
57,Science,70,2024-03-01
57,English,66,2024-01-01
57,English,66,2024-01-31
57,English,74,2024-03-01
57,Computer,56,2024-01-01
57,Computer,56,2024-01-31
57,Computer,54,2024-03-01
58,Math,56,2024-01-01
58,Math,65,2024-01-31
58,Math,66,2024-03-01
58,Science,37,2024-01-01
58,Science,38,2024-01-31
58,Science,39,2024-03-01
58,English,68,2024-01-01
58,English,67,2024-01-31
58,English,77,2024-03-01
58,Computer,70,2024-01-01
58,Computer,75,2024-01-31
58,Computer,72,2024-03-01
59,Math,58,2024-01-01
59,Math,54,2024-01-31
59,Math,58,2024-03-01
59,Science,59,2024-01-01
59,Science,65,2024-01-31
59,Science,60,2024-03-01
59,English,50,2024-01-01
59,English,46,2024-01-31
59,English,44,2024-03-01
59,Computer,46,2024-01-01
59,Computer,51,2024-01-31
59,Computer,53,2024-03-01
60,Math,89,2024-01-01
60,Math,88,2024-01-31
60,Math,87,2024-03-01
60,Science,90,2024-01-01
60,Science,82,2024-01-31
60,Science,89,2024-03-01
60,English,65,2024-01-01
60,English,71,2024-01-31
60,English,70,2024-03-01
60,Computer,52,2024-01-01
60,Computer,49,2024-01-31
60,Computer,46,2024-03-01
61,Math,77,2024-01-01
61,Math,76,2024-01-31
61,Math,84,2024-03-01
61,Science,72,2024-01-01
61,Science,69,2024-01-31
61,Science,78,2024-03-01
61,English,65,2024-01-01
61,English,66,2024-01-31
61,English,61,2024-03-01
61,Computer,48,2024-01-01
61,Computer,46,2024-01-31
61,Computer,39,2024-03-01
62,Math,73,2024-01-01
62,Math,71,2024-01-31
62,Math,69,2024-03-01
62,Science,61,2024-01-01
62,Science,58,2024-01-31
62,Science,56,2024-03-01
62,English,65,2024-01-01
62,English,69,2024-01-31
62,English,71,2024-03-01
62,Computer,53,2024-01-01
62,Computer,62,2024-01-31
62,Computer,58,2024-03-01
63,Math,40,2024-01-01
63,Math,44,2024-01-31
63,Math,39,2024-03-01
63,Science,62,2024-01-01
63,Science,55,2024-01-31
63,Science,55,2024-03-01
63,English,42,2024-01-01
63,English,47,2024-01-31
63,English,41,2024-03-01
63,Computer,69,2024-01-01
63,Computer,76,2024-01-31
63,Computer,67,2024-03-01
64,Math,59,2024-01-01
64,Math,49,2024-01-31
64,Math,59,2024-03-01
64,Science,65,2024-01-01
64,Science,61,2024-01-31
64,Science,66,2024-03-01
64,English,47,2024-01-01
64,English,52,2024-01-31
64,English,47,2024-03-01
64,Computer,70,2024-01-01
64,Computer,76,2024-01-31
64,Computer,75,2024-03-01
65,Math,81,2024-01-01
65,Math,74,2024-01-31
65,Math,80,2024-03-01
65,Science,63,2024-01-01
65,Science,66,2024-01-31
65,Science,64,2024-03-01
65,English,69,2024-01-01
65,English,72,2024-01-31
65,English,69,2024-03-01
65,Computer,52,2024-01-01
65,Computer,54,2024-01-31
65,Computer,54,2024-03-01
66,Math,85,2024-01-01
66,Math,78,2024-01-31
66,Math,80,2024-03-01
66,Science,72,2024-01-01
66,Science,75,2024-01-31
66,Science,71,2024-03-01
66,English,61,2024-01-01
66,English,70,2024-01-31
66,English,65,2024-03-01
66,Computer,61,2024-01-01
66,Computer,69,2024-01-31
66,Computer,67,2024-03-01
67,Math,84,2024-01-01
67,Math,85,2024-01-31
67,Math,87,2024-03-01
67,Science,79,2024-01-01
67,Science,76,2024-01-31
67,Science,75,2024-03-01
67,English,55,2024-01-01
67,English,62,2024-01-31
67,English,59,2024-03-01
67,Computer,65,2024-01-01
67,Computer,59,2024-01-31
67,Computer,66,2024-03-01
68,Math,69,2024-01-01
68,Math,71,2024-01-31
68,Math,70,2024-03-01
68,Science,69,2024-01-01
68,Science,71,2024-01-31
68,Science,67,2024-03-01
68,English,71,2024-01-01
68,English,76,2024-01-31
68,English,71,2024-03-01
68,Computer,84,2024-01-01
68,Computer,83,2024-01-31
68,Computer,85,2024-03-01
69,Math,51,2024-01-01
69,Math,53,2024-01-31
69,Math,55,2024-03-01
69,Science,66,2024-01-01
69,Science,63,2024-01-31
69,Science,67,2024-03-01
69,English,80,2024-01-01
69,English,77,2024-01-31
69,English,78,2024-03-01
69,Computer,70,2024-01-01
69,Computer,66,2024-01-31
69,Computer,66,2024-03-01
70,Math,53,2024-01-01
70,Math,57,2024-01-31
70,Math,62,2024-03-01
70,Science,66,2024-01-01
70,Science,64,2024-01-31
70,Science,62,2024-03-01
70,English,66,2024-01-01
70,English,64,2024-01-31
70,English,64,2024-03-01
70,Computer,45,2024-01-01
70,Computer,48,2024-01-31
70,Computer,44,2024-03-01
71,Math,44,2024-01-01
71,Math,44,2024-01-31
71,Math,45,2024-03-01
71,Science,46,2024-01-01
71,Science,41,2024-01-31
71,Science,42,2024-03-01
71,English,60,2024-01-01
71,English,58,2024-01-31
71,English,54,2024-03-01
71,Computer,44,2024-01-01
71,Computer,50,2024-01-31
71,Computer,44,2024-03-01
72,Math,58,2024-01-01
72,Math,53,2024-01-31
72,Math,60,2024-03-01
72,Science,90,2024-01-01
72,Science,85,2024-01-31
72,Science,84,2024-03-01
72,English,87,2024-01-01
72,English,85,2024-01-31
72,English,90,2024-03-01
72,Computer,58,2024-01-01
72,Computer,58,2024-01-31
72,Computer,51,2024-03-01
73,Math,67,2024-01-01
73,Math,64,2024-01-31
73,Math,66,2024-03-01
73,Science,78,2024-01-01
73,Science,80,2024-01-31
73,Science,80,2024-03-01
73,English,63,2024-01-01
73,English,62,2024-01-31
73,English,63,2024-03-01
73,Computer,54,2024-01-01
73,Computer,56,2024-01-31
73,Computer,55,2024-03-01
74,Math,74,2024-01-01
74,Math,76,2024-01-31
74,Math,74,2024-03-01
74,Science,86,2024-01-01
74,Science,87,2024-01-31
74,Science,87,2024-03-01
74,English,52,2024-01-01
74,English,60,2024-01-31
74,English,57,2024-03-01
74,Computer,93,2024-01-01
74,Computer,92,2024-01-31
74,Computer,93,2024-03-01
75,Math,48,2024-01-01
75,Math,49,2024-01-31
75,Math,57,2024-03-01
75,Science,69,2024-01-01
75,Science,63,2024-01-31
75,Science,68,2024-03-01
75,English,46,2024-01-01
75,English,46,2024-01-31
75,English,45,2024-03-01
75,Computer,80,2024-01-01
75,Computer,85,2024-01-31
75,Computer,88,2024-03-01
76,Math,74,2024-01-01
76,Math,78,2024-01-31
76,Math,76,2024-03-01
76,Science,47,2024-01-01
76,Science,49,2024-01-31
76,Science,43,2024-03-01
76,English,71,2024-01-01
76,English,67,2024-01-31
76,English,63,2024-03-01
76,Computer,71,2024-01-01
76,Computer,63,2024-01-31
76,Computer,73,2024-03-01
77,Math,65,2024-01-01
77,Math,65,2024-01-31
77,Math,62,2024-03-01
77,Science,44,2024-01-01
77,Science,48,2024-01-31
77,Science,47,2024-03-01
77,English,82,2024-01-01
77,English,88,2024-01-31
77,English,83,2024-03-01
77,Computer,83,2024-01-01
77,Computer,85,2024-01-31
77,Computer,83,2024-03-01
78,Math,86,2024-01-01
78,Math,94,2024-01-31
78,Math,87,2024-03-01
78,Science,55,2024-01-01
78,Science,49,2024-01-31
78,Science,49,2024-03-01
78,English,69,2024-01-01
78,English,76,2024-01-31
78,English,74,2024-03-01
78,Computer,44,2024-01-01
78,Computer,45,2024-01-31
78,Computer,38,2024-03-01
79,Math,55,2024-01-01
79,Math,57,2024-01-31
79,Math,54,2024-03-01
79,Science,58,2024-01-01
79,Science,61,2024-01-31
79,Science,64,2024-03-01
79,English,44,2024-01-01
79,English,50,2024-01-31
79,English,50,2024-03-01
79,Computer,77,2024-01-01
79,Computer,71,2024-01-31
79,Computer,75,2024-03-01
80,Math,83,2024-01-01
80,Math,87,2024-01-31
80,Math,81,2024-03-01
80,Science,59,2024-01-01
80,Science,59,2024-01-31
80,Science,57,2024-03-01
80,English,87,2024-01-01
80,English,91,2024-01-31
80,English,82,2024-03-01
80,Computer,55,2024-01-01
80,Computer,55,2024-01-31
80,Computer,59,2024-03-01
81,Math,64,2024-01-01
81,Math,70,2024-01-31
81,Math,69,2024-03-01
81,Science,73,2024-01-01
81,Science,73,2024-01-31
81,Science,73,2024-03-01
81,English,38,2024-01-01
81,English,37,2024-01-31
81,English,45,2024-03-01
81,Computer,91,2024-01-01
81,Computer,88,2024-01-31
81,Computer,88,2024-03-01
82,Math,92,2024-01-01
82,Math,86,2024-01-31
82,Math,91,2024-03-01
82,Science,48,2024-01-01
82,Science,38,2024-01-31
82,Science,41,2024-03-01
82,English,83,2024-01-01
82,English,83,2024-01-31
82,English,90,2024-03-01
82,Computer,78,2024-01-01
82,Computer,83,2024-01-31
82,Computer,83,2024-03-01
83,Math,71,2024-01-01
83,Math,65,2024-01-31
83,Math,65,2024-03-01
83,Science,53,2024-01-01
83,Science,58,2024-01-31
83,Science,63,2024-03-01
83,English,84,2024-01-01
83,English,89,2024-01-31
83,English,92,2024-03-01
83,Computer,70,2024-01-01
83,Computer,69,2024-01-31
83,Computer,75,2024-03-01
84,Math,76,2024-01-01
84,Math,75,2024-01-31
84,Math,77,2024-03-01
84,Science,58,2024-01-01
84,Science,53,2024-01-31
84,Science,49,2024-03-01
84,English,47,2024-01-01
84,English,43,2024-01-31
84,English,52,2024-03-01
84,Computer,48,2024-01-01
84,Computer,55,2024-01-31
84,Computer,51,2024-03-01
85,Math,55,2024-01-01
85,Math,55,2024-01-31
85,Math,57,2024-03-01
85,Science,46,2024-01-01
85,Science,56,2024-01-31
85,Science,49,2024-03-01
85,English,41,2024-01-01
85,English,45,2024-01-31
85,English,42,2024-03-01
85,Computer,65,2024-01-01
85,Computer,72,2024-01-31
85,Computer,70,2024-03-01
86,Math,51,2024-01-01
86,Math,45,2024-01-31
86,Math,48,2024-03-01
86,Science,67,2024-01-01
86,Science,65,2024-01-31
86,Science,66,2024-03-01
86,English,66,2024-01-01
86,English,66,2024-01-31
86,English,67,2024-03-01
86,Computer,67,2024-01-01
86,Computer,70,2024-01-31
86,Computer,71,2024-03-01
87,Math,54,2024-01-01
87,Math,56,2024-01-31
87,Math,59,2024-03-01
87,Science,86,2024-01-01
87,Science,82,2024-01-31
87,Science,88,2024-03-01
87,English,56,2024-01-01
87,English,59,2024-01-31
87,English,61,2024-03-01
87,Computer,49,2024-01-01
87,Computer,52,2024-01-31
87,Computer,50,2024-03-01
88,Math,47,2024-01-01
88,Math,54,2024-01-31
88,Math,47,2024-03-01
88,Science,79,2024-01-01
88,Science,82,2024-01-31
88,Science,76,2024-03-01
88,English,43,2024-01-01
88,English,47,2024-01-31
88,English,50,2024-03-01
88,Computer,53,2024-01-01
88,Computer,49,2024-01-31
88,Computer,53,2024-03-01
89,Math,56,2024-01-01
89,Math,60,2024-01-31
89,Math,62,2024-03-01
89,Science,57,2024-01-01
89,Science,50,2024-01-31
89,Science,55,2024-03-01
89,English,54,2024-01-01
89,English,55,2024-01-31
89,English,50,2024-03-01
89,Computer,92,2024-01-01
89,Computer,86,2024-01-31
89,Computer,87,2024-03-01
90,Math,71,2024-01-01
90,Math,74,2024-01-31
90,Math,72,2024-03-01
90,Science,46,2024-01-01
90,Science,43,2024-01-31
90,Science,48,2024-03-01
90,English,64,2024-01-01
90,English,62,2024-01-31
90,English,59,2024-03-01
90,Computer,49,2024-01-01
90,Computer,55,2024-01-31
90,Computer,54,2024-03-01
91,Math,90,2024-01-01
91,Math,93,2024-01-31
91,Math,87,2024-03-01
91,Science,69,2024-01-01
91,Science,66,2024-01-31
91,Science,63,2024-03-01
91,English,64,2024-01-01
91,English,67,2024-01-31
91,English,63,2024-03-01
91,Computer,85,2024-01-01
91,Computer,81,2024-01-31
91,Computer,77,2024-03-01
92,Math,50,2024-01-01
92,Math,47,2024-01-31
92,Math,47,2024-03-01
92,Science,85,2024-01-01
92,Science,90,2024-01-31
92,Science,88,2024-03-01
92,English,55,2024-01-01
92,English,48,2024-01-31
92,English,54,2024-03-01
92,Computer,81,2024-01-01
92,Computer,90,2024-01-31
92,Computer,88,2024-03-01
93,Math,47,2024-01-01
93,Math,47,2024-01-31
93,Math,45,2024-03-01
93,Science,84,2024-01-01
93,Science,83,2024-01-31
93,Science,76,2024-03-01
93,English,73,2024-01-01
93,English,75,2024-01-31
93,English,74,2024-03-01
93,Computer,63,2024-01-01
93,Computer,70,2024-01-31
93,Computer,65,2024-03-01
94,Math,65,2024-01-01
94,Math,66,2024-01-31
94,Math,64,2024-03-01
94,Science,94,2024-01-01
94,Science,90,2024-01-31
94,Science,85,2024-03-01
94,English,54,2024-01-01
94,English,54,2024-01-31
94,English,59,2024-03-01
94,Computer,56,2024-01-01
94,Computer,60,2024-01-31
94,Computer,50,2024-03-01
95,Math,52,2024-01-01
95,Math,60,2024-01-31
95,Math,57,2024-03-01
95,Science,83,2024-01-01
95,Science,83,2024-01-31
95,Science,88,2024-03-01
95,English,46,2024-01-01
95,English,45,2024-01-31
95,English,47,2024-03-01
95,Computer,81,2024-01-01
95,Computer,91,2024-01-31
95,Computer,87,2024-03-01
96,Math,66,2024-01-01
96,Math,66,2024-01-31
96,Math,72,2024-03-01
96,Science,72,2024-01-01
96,Science,67,2024-01-31
96,Science,73,2024-03-01
96,English,70,2024-01-01
96,English,75,2024-01-31
96,English,77,2024-03-01
96,Computer,87,2024-01-01
96,Computer,92,2024-01-31
96,Computer,84,2024-03-01
97,Math,66,2024-01-01
97,Math,62,2024-01-31
97,Math,60,2024-03-01
97,Science,77,2024-01-01
97,Science,75,2024-01-31
97,Science,75,2024-03-01
97,English,61,2024-01-01
97,English,63,2024-01-31
97,English,64,2024-03-01
97,Computer,53,2024-01-01
97,Computer,46,2024-01-31
97,Computer,45,2024-03-01
98,Math,47,2024-01-01
98,Math,43,2024-01-31
98,Math,39,2024-03-01
98,Science,78,2024-01-01
98,Science,85,2024-01-31
98,Science,83,2024-03-01
98,English,46,2024-01-01
98,English,50,2024-01-31
98,English,48,2024-03-01
98,Computer,49,2024-01-01
98,Computer,56,2024-01-31
98,Computer,53,2024-03-01
99,Math,90,2024-01-01
99,Math,88,2024-01-31
99,Math,93,2024-03-01
99,Science,54,2024-01-01
99,Science,59,2024-01-31
99,Science,56,2024-03-01
99,English,51,2024-01-01
99,English,51,2024-01-31
99,English,60,2024-03-01
99,Computer,94,2024-01-01
99,Computer,86,2024-01-31
99,Computer,85,2024-03-01
100,Math,84,2024-01-01
100,Math,87,2024-01-31
100,Math,86,2024-03-01
100,Science,58,2024-01-01
100,Science,57,2024-01-31
100,Science,49,2024-03-01
100,English,53,2024-01-01
100,English,55,2024-01-31
100,English,55,2024-03-01
100,Computer,82,2024-01-01
100,Computer,78,2024-01-31
100,Computer,75,2024-03-01
101,Math,49,2024-01-01
101,Math,46,2024-01-31
101,Math,41,2024-03-01
101,Science,56,2024-01-01
101,Science,53,2024-01-31
101,Science,57,2024-03-01
101,English,51,2024-01-01
101,English,56,2024-01-31
101,English,57,2024-03-01
101,Computer,44,2024-01-01
101,Computer,48,2024-01-31
101,Computer,52,2024-03-01
102,Math,64,2024-01-01
102,Math,64,2024-01-31
102,Math,68,2024-03-01
102,Science,69,2024-01-01
102,Science,63,2024-01-31
102,Science,65,2024-03-01
102,English,81,2024-01-01
102,English,78,2024-01-31
102,English,76,2024-03-01
102,Computer,69,2024-01-01
102,Computer,69,2024-01-31
102,Computer,62,2024-03-01
103,Math,71,2024-01-01
103,Math,72,2024-01-31
103,Math,65,2024-03-01
103,Science,46,2024-01-01
103,Science,51,2024-01-31
103,Science,45,2024-03-01
103,English,67,2024-01-01
103,English,64,2024-01-31
103,English,67,2024-03-01
103,Computer,53,2024-01-01
103,Computer,45,2024-01-31
103,Computer,50,2024-03-01
104,Math,88,2024-01-01
104,Math,88,2024-01-31
104,Math,83,2024-03-01
104,Science,84,2024-01-01
104,Science,84,2024-01-31
104,Science,89,2024-03-01
104,English,60,2024-01-01
104,English,59,2024-01-31
104,English,65,2024-03-01
104,Computer,65,2024-01-01
104,Computer,61,2024-01-31
104,Computer,69,2024-03-01
105,Math,84,2024-01-01
105,Math,90,2024-01-31
105,Math,86,2024-03-01
105,Science,79,2024-01-01
105,Science,79,2024-01-31
105,Science,84,2024-03-01
105,English,53,2024-01-01
105,English,53,2024-01-31
105,English,60,2024-03-01
105,Computer,84,2024-01-01
105,Computer,91,2024-01-31
105,Computer,91,2024-03-01
106,Math,50,2024-01-01
106,Math,50,2024-01-31
106,Math,45,2024-03-01
106,Science,50,2024-01-01
106,Science,52,2024-01-31
106,Science,56,2024-03-01
106,English,74,2024-01-01
106,English,69,2024-01-31
106,English,74,2024-03-01
106,Computer,80,2024-01-01
106,Computer,74,2024-01-31
106,Computer,71,2024-03-01
107,Math,37,2024-01-01
107,Math,41,2024-01-31
107,Math,39,2024-03-01
107,Science,84,2024-01-01
107,Science,89,2024-01-31
107,Science,86,2024-03-01
107,English,54,2024-01-01
107,English,61,2024-01-31
107,English,59,2024-03-01
107,Computer,84,2024-01-01
107,Computer,89,2024-01-31
107,Computer,92,2024-03-01
108,Math,65,2024-01-01
108,Math,57,2024-01-31
108,Math,56,2024-03-01
108,Science,55,2024-01-01
108,Science,58,2024-01-31
108,Science,58,2024-03-01
108,English,51,2024-01-01
108,English,50,2024-01-31
108,English,55,2024-03-01
108,Computer,77,2024-01-01
108,Computer,78,2024-01-31
108,Computer,73,2024-03-01
109,Math,50,2024-01-01
109,Math,57,2024-01-31
109,Math,55,2024-03-01
109,Science,39,2024-01-01
109,Science,46,2024-01-31
109,Science,39,2024-03-01
109,English,61,2024-01-01
109,English,63,2024-01-31
109,English,58,2024-03-01
109,Computer,79,2024-01-01
109,Computer,79,2024-01-31
109,Computer,77,2024-03-01
110,Math,54,2024-01-01
110,Math,62,2024-01-31
110,Math,60,2024-03-01
110,Science,76,2024-01-01
110,Science,82,2024-01-31
110,Science,81,2024-03-01
110,English,79,2024-01-01
110,English,73,2024-01-31
110,English,73,2024-03-01
110,Computer,66,2024-01-01
110,Computer,70,2024-01-31
110,Computer,69,2024-03-01
111,Math,72,2024-01-01
111,Math,67,2024-01-31
111,Math,66,2024-03-01
111,Science,62,2024-01-01
111,Science,61,2024-01-31
111,Science,60,2024-03-01
111,English,39,2024-01-01
111,English,41,2024-01-31
111,English,35,2024-03-01
111,Computer,41,2024-01-01
111,Computer,37,2024-01-31
111,Computer,35,2024-03-01
112,Math,59,2024-01-01
112,Math,59,2024-01-31
112,Math,57,2024-03-01
112,Science,52,2024-01-01
112,Science,54,2024-01-31
112,Science,54,2024-03-01
112,English,76,2024-01-01
112,English,77,2024-01-31
112,English,74,2024-03-01
112,Computer,87,2024-01-01
112,Computer,88,2024-01-31
112,Computer,89,2024-03-01
113,Math,47,2024-01-01
113,Math,40,2024-01-31
113,Math,43,2024-03-01
113,Science,56,2024-01-01
113,Science,63,2024-01-31
113,Science,61,2024-03-01
113,English,62,2024-01-01
113,English,53,2024-01-31
113,English,54,2024-03-01
113,Computer,57,2024-01-01
113,Computer,55,2024-01-31
113,Computer,51,2024-03-01
114,Math,58,2024-01-01
114,Math,63,2024-01-31
114,Math,60,2024-03-01
114,Science,56,2024-01-01
114,Science,50,2024-01-31
114,Science,49,2024-03-01
114,English,59,2024-01-01
114,English,61,2024-01-31
114,English,60,2024-03-01
114,Computer,58,2024-01-01
114,Computer,54,2024-01-31
114,Computer,58,2024-03-01
115,Math,81,2024-01-01
115,Math,81,2024-01-31
115,Math,78,2024-03-01
115,Science,75,2024-01-01
115,Science,80,2024-01-31
115,Science,72,2024-03-01
115,English,59,2024-01-01
115,English,58,2024-01-31
115,English,58,2024-03-01
115,Computer,80,2024-01-01
115,Computer,80,2024-01-31
115,Computer,79,2024-03-01
116,Math,74,2024-01-01
116,Math,82,2024-01-31
116,Math,81,2024-03-01
116,Science,68,2024-01-01
116,Science,70,2024-01-31
116,Science,61,2024-03-01
116,English,65,2024-01-01
116,English,65,2024-01-31
116,English,58,2024-03-01
116,Computer,62,2024-01-01
116,Computer,72,2024-01-31
116,Computer,62,2024-03-01
117,Math,93,2024-01-01
117,Math,87,2024-01-31
117,Math,83,2024-03-01
117,Science,44,2024-01-01
117,Science,52,2024-01-31
117,Science,44,2024-03-01
117,English,67,2024-01-01
117,English,64,2024-01-31
117,English,72,2024-03-01
117,Computer,46,2024-01-01
117,Computer,44,2024-01-31
117,Computer,53,2024-03-01
118,Math,53,2024-01-01
118,Math,53,2024-01-31
118,Math,55,2024-03-01
118,Science,72,2024-01-01
118,Science,73,2024-01-31
118,Science,79,2024-03-01
118,English,54,2024-01-01
118,English,58,2024-01-31
118,English,61,2024-03-01
118,Computer,87,2024-01-01
118,Computer,82,2024-01-31
118,Computer,87,2024-03-01
119,Math,73,2024-01-01
119,Math,71,2024-01-31
119,Math,74,2024-03-01
119,Science,74,2024-01-01
119,Science,70,2024-01-31
119,Science,70,2024-03-01
119,English,68,2024-01-01
119,English,69,2024-01-31
119,English,62,2024-03-01
119,Computer,62,2024-01-01
119,Computer,65,2024-01-31
119,Computer,65,2024-03-01
120,Math,68,2024-01-01
120,Math,62,2024-01-31
120,Math,67,2024-03-01
120,Science,51,2024-01-01
120,Science,53,2024-01-31
120,Science,55,2024-03-01
120,English,39,2024-01-01
120,English,38,2024-01-31
120,English,39,2024-03-01
120,Computer,88,2024-01-01
120,Computer,85,2024-01-31
120,Computer,88,2024-03-01
121,Math,57,2024-01-01
121,Math,53,2024-01-31
121,Math,49,2024-03-01
121,Science,83,2024-01-01
121,Science,86,2024-01-31
121,Science,76,2024-03-01
121,English,81,2024-01-01
121,English,80,2024-01-31
121,English,79,2024-03-01
121,Computer,78,2024-01-01
121,Computer,86,2024-01-31
121,Computer,77,2024-03-01
122,Math,35,2024-01-01
122,Math,44,2024-01-31
122,Math,39,2024-03-01
122,Science,53,2024-01-01
122,Science,54,2024-01-31
122,Science,49,2024-03-01
122,English,65,2024-01-01
122,English,70,2024-01-31
122,English,69,2024-03-01
122,Computer,65,2024-01-01
122,Computer,73,2024-01-31
122,Computer,68,2024-03-01
123,Math,86,2024-01-01
123,Math,83,2024-01-31
123,Math,86,2024-03-01
123,Science,59,2024-01-01
123,Science,55,2024-01-31
123,Science,51,2024-03-01
123,English,61,2024-01-01
123,English,52,2024-01-31
123,English,61,2024-03-01
123,Computer,56,2024-01-01
123,Computer,59,2024-01-31
123,Computer,62,2024-03-01
124,Math,74,2024-01-01
124,Math,76,2024-01-31
124,Math,78,2024-03-01
124,Science,88,2024-01-01
124,Science,82,2024-01-31
124,Science,81,2024-03-01
124,English,58,2024-01-01
124,English,60,2024-01-31
124,English,55,2024-03-01
124,Computer,55,2024-01-01
124,Computer,52,2024-01-31
124,Computer,60,2024-03-01
125,Math,45,2024-01-01
125,Math,39,2024-01-31
125,Math,39,2024-03-01
125,Science,83,2024-01-01
125,Science,84,2024-01-31
125,Science,79,2024-03-01
125,English,58,2024-01-01
125,English,60,2024-01-31
125,English,57,2024-03-01
125,Computer,87,2024-01-01
125,Computer,87,2024-01-31
125,Computer,84,2024-03-01
126,Math,90,2024-01-01
126,Math,90,2024-01-31
126,Math,90,2024-03-01
126,Science,37,2024-01-01
126,Science,43,2024-01-31
126,Science,42,2024-03-01
126,English,38,2024-01-01
126,English,39,2024-01-31
126,English,41,2024-03-01
126,Computer,57,2024-01-01
126,Computer,53,2024-01-31
126,Computer,52,2024-03-01
127,Math,60,2024-01-01
127,Math,56,2024-01-31
127,Math,54,2024-03-01
127,Science,60,2024-01-01
127,Science,52,2024-01-31
127,Science,57,2024-03-01
127,English,64,2024-01-01
127,English,69,2024-01-31
127,English,68,2024-03-01
127,Computer,87,2024-01-01
127,Computer,89,2024-01-31
127,Computer,86,2024-03-01
128,Math,65,2024-01-01
128,Math,66,2024-01-31
128,Math,66,2024-03-01
128,Science,46,2024-01-01
128,Science,46,2024-01-31
128,Science,49,2024-03-01
128,English,43,2024-01-01
128,English,42,2024-01-31
128,English,46,2024-03-01
128,Computer,73,2024-01-01
128,Computer,74,2024-01-31
128,Computer,69,2024-03-01
129,Math,84,2024-01-01
129,Math,78,2024-01-31
129,Math,78,2024-03-01
129,Science,55,2024-01-01
129,Science,58,2024-01-31
129,Science,50,2024-03-01
129,English,77,2024-01-01
129,English,74,2024-01-31
129,English,76,2024-03-01
129,Computer,46,2024-01-01
129,Computer,47,2024-01-31
129,Computer,46,2024-03-01
130,Math,59,2024-01-01
130,Math,60,2024-01-31
130,Math,61,2024-03-01
130,Science,47,2024-01-01
130,Science,46,2024-01-31
130,Science,38,2024-03-01
130,English,91,2024-01-01
130,English,93,2024-01-31
130,English,91,2024-03-01
130,Computer,47,2024-01-01
130,Computer,51,2024-01-31
130,Computer,46,2024-03-01
131,Math,85,2024-01-01
131,Math,85,2024-01-31
131,Math,84,2024-03-01
131,Science,65,2024-01-01
131,Science,62,2024-01-31
131,Science,59,2024-03-01
131,English,78,2024-01-01
131,English,87,2024-01-31
131,English,84,2024-03-01
131,Computer,76,2024-01-01
131,Computer,77,2024-01-31
131,Computer,81,2024-03-01
132,Math,75,2024-01-01
132,Math,77,2024-01-31
132,Math,76,2024-03-01
132,Science,88,2024-01-01
132,Science,90,2024-01-31
132,Science,85,2024-03-01
132,English,77,2024-01-01
132,English,77,2024-01-31
132,English,72,2024-03-01
132,Computer,52,2024-01-01
132,Computer,49,2024-01-31
132,Computer,42,2024-03-01
133,Math,54,2024-01-01
133,Math,55,2024-01-31
133,Math,51,2024-03-01
133,Science,69,2024-01-01
133,Science,70,2024-01-31
133,Science,71,2024-03-01
133,English,72,2024-01-01
133,English,81,2024-01-31
133,English,81,2024-03-01
133,Computer,79,2024-01-01
133,Computer,83,2024-01-31
133,Computer,78,2024-03-01
134,Math,44,2024-01-01
134,Math,40,2024-01-31
134,Math,48,2024-03-01
134,Science,68,2024-01-01
134,Science,69,2024-01-31
134,Science,67,2024-03-01
134,English,53,2024-01-01
134,English,60,2024-01-31
134,English,63,2024-03-01
134,Computer,75,2024-01-01
134,Computer,75,2024-01-31
134,Computer,72,2024-03-01
135,Math,42,2024-01-01
135,Math,39,2024-01-31
135,Math,38,2024-03-01
135,Science,65,2024-01-01
135,Science,75,2024-01-31
135,Science,71,2024-03-01
135,English,45,2024-01-01
135,English,48,2024-01-31
135,English,48,2024-03-01
135,Computer,52,2024-01-01
135,Computer,48,2024-01-31
135,Computer,56,2024-03-01
136,Math,61,2024-01-01
136,Math,63,2024-01-31
136,Math,71,2024-03-01
136,Science,69,2024-01-01
136,Science,69,2024-01-31
136,Science,63,2024-03-01
136,English,61,2024-01-01
136,English,59,2024-01-31
136,English,67,2024-03-01
136,Computer,80,2024-01-01
136,Computer,72,2024-01-31
136,Computer,78,2024-03-01
137,Math,59,2024-01-01
137,Math,66,2024-01-31
137,Math,59,2024-03-01
137,Science,74,2024-01-01
137,Science,72,2024-01-31
137,Science,71,2024-03-01
137,English,64,2024-01-01
137,English,64,2024-01-31
137,English,63,2024-03-01
137,Computer,38,2024-01-01
137,Computer,45,2024-01-31
137,Computer,43,2024-03-01
138,Math,87,2024-01-01
138,Math,87,2024-01-31
138,Math,83,2024-03-01
138,Science,69,2024-01-01
138,Science,76,2024-01-31
138,Science,77,2024-03-01
138,English,86,2024-01-01
138,English,83,2024-01-31
138,English,86,2024-03-01
138,Computer,62,2024-01-01
138,Computer,58,2024-01-31
138,Computer,55,2024-03-01
139,Math,73,2024-01-01
139,Math,79,2024-01-31
139,Math,76,2024-03-01
139,Science,41,2024-01-01
139,Science,43,2024-01-31
139,Science,51,2024-03-01
139,English,86,2024-01-01
139,English,84,2024-01-31
139,English,87,2024-03-01
139,Computer,69,2024-01-01
139,Computer,69,2024-01-31
139,Computer,73,2024-03-01
140,Math,43,2024-01-01
140,Math,47,2024-01-31
140,Math,47,2024-03-01
140,Science,43,2024-01-01
140,Science,36,2024-01-31
140,Science,44,2024-03-01
140,English,64,2024-01-01
140,English,60,2024-01-31
140,English,61,2024-03-01
140,Computer,58,2024-01-01
140,Computer,57,2024-01-31
140,Computer,65,2024-03-01
141,Math,73,2024-01-01
141,Math,74,2024-01-31
141,Math,79,2024-03-01
141,Science,74,2024-01-01
141,Science,79,2024-01-31
141,Science,72,2024-03-01
141,English,80,2024-01-01
141,English,80,2024-01-31
141,English,77,2024-03-01
141,Computer,82,2024-01-01
141,Computer,76,2024-01-31
141,Computer,77,2024-03-01
142,Math,93,2024-01-01
142,Math,84,2024-01-31
142,Math,89,2024-03-01
142,Science,69,2024-01-01
142,Science,71,2024-01-31
142,Science,71,2024-03-01
142,English,85,2024-01-01
142,English,92,2024-01-31
142,English,87,2024-03-01
142,Computer,77,2024-01-01
142,Computer,82,2024-01-31
142,Computer,78,2024-03-01
143,Math,50,2024-01-01
143,Math,49,2024-01-31
143,Math,45,2024-03-01
143,Science,70,2024-01-01
143,Science,71,2024-01-31
143,Science,74,2024-03-01
143,English,53,2024-01-01
143,English,60,2024-01-31
143,English,62,2024-03-01
143,Computer,60,2024-01-01
143,Computer,55,2024-01-31
143,Computer,59,2024-03-01
144,Math,49,2024-01-01
144,Math,44,2024-01-31
144,Math,47,2024-03-01
144,Science,89,2024-01-01
144,Science,83,2024-01-31
144,Science,89,2024-03-01
144,English,83,2024-01-01
144,English,85,2024-01-31
144,English,76,2024-03-01
144,Computer,76,2024-01-01
144,Computer,75,2024-01-31
144,Computer,76,2024-03-01
145,Math,53,2024-01-01
145,Math,59,2024-01-31
145,Math,61,2024-03-01
145,Science,87,2024-01-01
145,Science,84,2024-01-31
145,Science,90,2024-03-01
145,English,80,2024-01-01
145,English,83,2024-01-31
145,English,80,2024-03-01
145,Computer,47,2024-01-01
145,Computer,37,2024-01-31
145,Computer,47,2024-03-01
146,Math,45,2024-01-01
146,Math,50,2024-01-31
146,Math,51,2024-03-01
146,Science,46,2024-01-01
146,Science,42,2024-01-31
146,Science,43,2024-03-01
146,English,89,2024-01-01
146,English,93,2024-01-31
146,English,89,2024-03-01
146,Computer,46,2024-01-01
146,Computer,46,2024-01-31
146,Computer,50,2024-03-01
147,Math,84,2024-01-01
147,Math,86,2024-01-31
147,Math,78,2024-03-01
147,Science,79,2024-01-01
147,Science,79,2024-01-31
147,Science,78,2024-03-01
147,English,58,2024-01-01
147,English,62,2024-01-31
147,English,64,2024-03-01
147,Computer,44,2024-01-01
147,Computer,47,2024-01-31
147,Computer,44,2024-03-01
148,Math,55,2024-01-01
148,Math,57,2024-01-31
148,Math,58,2024-03-01
148,Science,87,2024-01-01
148,Science,87,2024-01-31
148,Science,81,2024-03-01
148,English,67,2024-01-01
148,English,76,2024-01-31
148,English,70,2024-03-01
148,Computer,81,2024-01-01
148,Computer,81,2024-01-31
148,Computer,78,2024-03-01
149,Math,52,2024-01-01
149,Math,57,2024-01-31
149,Math,60,2024-03-01
149,Science,48,2024-01-01
149,Science,41,2024-01-31
149,Science,49,2024-03-01
149,English,40,2024-01-01
149,English,40,2024-01-31
149,English,43,2024-03-01
149,Computer,72,2024-01-01
149,Computer,76,2024-01-31
149,Computer,75,2024-03-01
150,Math,79,2024-01-01
150,Math,71,2024-01-31
150,Math,72,2024-03-01
150,Science,83,2024-01-01
150,Science,83,2024-01-31
150,Science,84,2024-03-01
150,English,79,2024-01-01
150,English,74,2024-01-31
150,English,78,2024-03-01
150,Computer,85,2024-01-01
150,Computer,88,2024-01-31
150,Computer,87,2024-03-01
